gate,used,clause_cite,fixture_ids,attestation,implemented_at
E_A conjuncts,Yes,"§7.3; §17.R2, §17.R5","FX-ELIG-BOUNDARY, FX-HOLD-NE-PRICES",ATTESTED,R/r-a/functions.R:236
priced_weeks,Yes,"§7.3; §17.R2, §17.R5","FX-PW52, FX-WEEK-ORDINAL",ATTESTED,R/r-a/functions.R:246
candidate-exists,Yes,"§17.R4, §17.R5",FX-NOCAND,ATTESTED,R/r-a/functions.R:251
TE6,Yes — OC-5 Option A,§7.7; §17.R5,FX-TE6-SLICE,ATTESTED,R/r-a/functions.R:252
current price,Yes,§17.R3,FX-CURRENT-11617,ATTESTED,R/r-a/functions.R:348
band,Yes,§17.R4,FX-BAND25,ATTESTED,R/r-a/functions.R:370
event filter,Yes,§17.R4,FX-EVENT-SINGLE,ATTESTED,R/r-a/functions.R:371
cap/tie,Yes,§17.R4,FX-CAP5-TIE,ATTESTED,R/r-a/functions.R:372
legal test,Yes,§17.R7,"FX-GUARD-10, FX-CUT-OK, FX-UP0-ZERO, FX-CENT-ROUND",ATTESTED,R/r-a/functions.R:655
guardrail,Yes — OC-3 0.90 hard,§17.R7,FX-GUARD-10,ATTESTED,R/r-a/functions.R:656
ΔR̂ > 0 cent rounding,Yes,§17.R7; §23,FX-CENT-ROUND,ATTESTED,R/r-a/functions.R:657
action map,Yes,"§17.R5, §17.R7","FX-HOLD-NE-PRICES, FX-CUT-OK, FX-ARGMAX, FX-UP0-ZERO, FX-MINGAIN-DIAG",ATTESTED,R/r-a/functions.R:676
backtest collapse,Yes,§16.4; §17.R8,FX-BACKTEST-COLLAPSE,ATTESTED,R/r-a/functions.R:741
ranking/tie-break,Yes,§17.R9,"FX-TIE, FX-ARGMAX",ATTESTED,R/r-a/functions.R:747
Membership-first + capacity + no-pad,Yes — OC-4 N_CAP 25 hard,§17.R9,"FX-NOPAD, FX-CAP25, FX-MEMBER",ATTESTED,R/r-a/functions.R:748
leakage,Yes,§8.3; §17.R4; §17A.5–17A.6; §20.4,FX-LEAK-11618,ATTESTED,R/r-a/functions.R:211
horizon-28,Yes,§8.2; §17.R6,FX-HORIZON-28,ATTESTED,R/r-a/functions.R:622
week-ordinal rule,Yes,§8.5; §17.R2,FX-WEEK-ORDINAL,ATTESTED,R/r-a/functions.R:294
trailing anchoring,Yes,§17.R6; §17A.6,FX-TRAIL-ANCHOR,ATTESTED,R/r-a/functions.R:604
recipe,Yes,§8.6; §17.R6; §17A.3,"FX-WDAY-SNAP, FX-INTERACT",ATTESTED,R/r-a/functions.R:504
Half-window / persistence,N/A — attest unused,§16,N/A,ATTESTED,R/r-a/functions.R:862
Dual-clock / twin action-override,N/A — attest unused,§11.2,N/A,ATTESTED,R/r-a/functions.R:863
Full analytical-unit universe,Yes,§7.1; §17.R1,FX-MEMBER,ATTESTED,R/r-a/functions.R:458
Non-enrolling actions,Yes,"§17.R5, §17.R7, §17.R9","FX-NOPAD, FX-HOLD-NE-PRICES, FX-NOCAND, FX-UP0-ZERO",ATTESTED,R/r-a/functions.R:459
Lineage field mapping,Yes,§24.4; §20.5,N/A,ATTESTED,R/r-a/functions.R:76
Capacity / simulation labels,Capacity yes; simulation N/A,§17.R9; §22.1; §22.4; §24.4,"FX-NOPAD, FX-CAP25",ATTESTED,R/r-a/functions.R:460
Mode A scoring,Yes — independent fit,§17A; §17.R6; §22.3,"FX-INTERACT, FX-TRAIL-ANCHOR",ATTESTED,R/r-a/functions.R:567
Minimum-gain diagnostic (non-judged),Yes,§11.3,FX-MINGAIN-DIAG,ATTESTED,R/r-a/functions.R:834
